name,kind,route_index,distance_m,road_option,carla_x,carla_y,carla_z,carla_yaw,road_id,section_id,lane_id,lane_width,s,is_junction
ROUTE_0000,mission_route_waypoint,0,0.0,CHANGELANELEFT,220.4112091064453,-5.188553810119629,0.0,-179.14419555664062,5,0,-2,3.5,0.7090176939964494,False
ROUTE_0001,mission_route_waypoint,1,12.587,CHANGELANELEFT,208.26930236816406,-1.8695350885391235,0.0,-179.14419555664062,6,0,-1,3.5,12.00000000000001,False
ROUTE_0002,mission_route_waypoint,2,12.587,LANEFOLLOW,208.26930236816406,-1.8695350885391235,0.0,-179.14419555664062,6,0,-1,3.5,12.00000000000001,False
ROUTE_0003,mission_route_waypoint,3,14.587,LANEFOLLOW,206.26951599121094,-1.8994067907333374,0.0,-179.14419555664062,6,0,-1,3.5,14.000000000000009,False
ROUTE_0004,mission_route_waypoint,4,16.587,LANEFOLLOW,204.26974487304688,-1.9292787313461304,0.0,-179.14419555664062,6,0,-1,3.5,16.000000000000004,False
ROUTE_0005,mission_route_waypoint,5,18.587,LANEFOLLOW,202.2699737548828,-1.9591504335403442,0.0,-179.14419555664062,6,0,-1,3.5,18.0,False
ROUTE_0006,mission_route_waypoint,6,20.587,LANEFOLLOW,200.2701873779297,-1.9890223741531372,0.0,-179.14419555664062,6,0,-1,3.5,19.999999999999996,False
ROUTE_0007,mission_route_waypoint,7,22.587,LANEFOLLOW,198.27041625976562,-2.0188941955566406,0.0,-179.14419555664062,6,0,-1,3.5,21.999999999999993,False
ROUTE_0008,mission_route_waypoint,8,24.587,LANEFOLLOW,196.2706298828125,-2.0487661361694336,0.0,-179.14419555664062,6,0,-1,3.5,23.99999999999999,False
ROUTE_0009,mission_route_waypoint,9,26.587,LANEFOLLOW,194.27085876464844,-2.0786380767822266,0.0,-179.14419555664062,6,0,-1,3.5,25.999999999999986,False
ROUTE_0010,mission_route_waypoint,10,28.587,LANEFOLLOW,192.27108764648438,-2.1085095405578613,0.0,-179.14419555664062,6,0,-1,3.5,27.999999999999982,False
ROUTE_0011,mission_route_waypoint,11,30.587,LANEFOLLOW,190.27130126953125,-2.1383814811706543,0.0,-179.14419555664062,6,0,-1,3.5,29.99999999999998,False
ROUTE_0012,mission_route_waypoint,12,32.587,LANEFOLLOW,188.2715301513672,-2.1682534217834473,0.0,-179.14419555664062,6,0,-1,3.5,31.999999999999975,False
ROUTE_0013,mission_route_waypoint,13,34.587,LANEFOLLOW,186.27175903320312,-2.1981253623962402,0.0,-179.14419555664062,6,0,-1,3.5,33.99999999999997,False
ROUTE_0014,mission_route_waypoint,14,36.587,LANEFOLLOW,184.27197265625,-2.227997303009033,0.0,-179.14419555664062,6,0,-1,3.5,35.99999999999997,False
ROUTE_0015,mission_route_waypoint,15,38.587,LANEFOLLOW,182.27220153808594,-2.257868766784668,0.0,-179.14419555664062,6,0,-1,3.5,37.99999999999997,False
ROUTE_0016,mission_route_waypoint,16,40.587,LANEFOLLOW,180.27243041992188,-2.287740707397461,0.0,-179.14419555664062,6,0,-1,3.5,39.99999999999997,False
ROUTE_0017,mission_route_waypoint,17,42.587,LANEFOLLOW,178.27264404296875,-2.317612648010254,0.0,-179.14419555664062,6,0,-1,3.5,41.99999999999997,False
ROUTE_0018,mission_route_waypoint,18,44.587,LANEFOLLOW,176.2728729248047,-2.347484588623047,0.0,-179.14419555664062,6,0,-1,3.5,43.99999999999997,False
ROUTE_0019,mission_route_waypoint,19,46.587,LANEFOLLOW,174.27308654785156,-2.37735652923584,0.0,-179.14419555664062,6,0,-1,3.5,45.99999999999997,False
ROUTE_0020,mission_route_waypoint,20,48.587,LANEFOLLOW,172.2733154296875,-2.4072279930114746,0.0,-179.14419555664062,6,0,-1,3.5,47.99999999999997,False
ROUTE_0021,mission_route_waypoint,21,50.587,LANEFOLLOW,170.27352905273438,-2.4370999336242676,0.0,-179.14419555664062,6,0,-1,3.5,49.99999999999997,False
ROUTE_0022,mission_route_waypoint,22,52.587,LANEFOLLOW,168.2737579345703,-2.4669718742370605,0.0001456989994039759,-179.14419555664062,6,0,-1,3.5,51.99999999999997,False
ROUTE_0023,mission_route_waypoint,23,56.357,LANEFOLLOW,164.50418090820312,-2.523280143737793,0.001464062836021185,-179.14419555664062,1174,0,-1,3.5,2.220446049250313e-14,True
ROUTE_0024,mission_route_waypoint,24,56.357,STRAIGHT,164.50418090820312,-2.523280143737793,0.001464062836021185,-179.14419555664062,1174,0,-1,3.5,2.220446049250313e-14,True
ROUTE_0025,mission_route_waypoint,25,58.357,STRAIGHT,162.50440979003906,-2.553152084350586,0.0027204875368624926,-179.14419555664062,1174,0,-1,3.5,2.00000000000002,True
ROUTE_0026,mission_route_waypoint,26,60.357,STRAIGHT,160.50462341308594,-2.583024024963379,0.004363066516816616,-179.14419555664062,1174,0,-1,3.5,4.000000000000018,True
ROUTE_0027,mission_route_waypoint,27,62.357,STRAIGHT,158.50485229492188,-2.612895965576172,0.006391800008714199,-179.14419555664062,1174,0,-1,3.5,6.000000000000016,True
ROUTE_0028,mission_route_waypoint,28,64.357,STRAIGHT,156.50506591796875,-2.6427674293518066,0.008806687779724598,-179.14419555664062,1174,0,-1,3.5,8.000000000000014,True
ROUTE_0029,mission_route_waypoint,29,66.357,STRAIGHT,154.5052947998047,-2.6726393699645996,0.011607729829847813,-179.14419555664062,1174,0,-1,3.5,10.000000000000012,True
ROUTE_0030,mission_route_waypoint,30,68.357,STRAIGHT,152.50552368164062,-2.7025113105773926,0.014794925227761269,-179.14419555664062,1174,0,-1,3.5,12.00000000000001,True
ROUTE_0031,mission_route_waypoint,31,70.357,STRAIGHT,150.5057373046875,-2.7323832511901855,0.018368275836110115,-179.14419555664062,1174,0,-1,3.5,14.000000000000009,True
ROUTE_0032,mission_route_waypoint,32,72.357,STRAIGHT,148.50596618652344,-2.7622551918029785,0.022327780723571777,-179.14419555664062,1174,0,-1,3.5,16.000000000000004,True
ROUTE_0033,mission_route_waypoint,33,74.357,STRAIGHT,146.50619506835938,-2.7921266555786133,0.026673439890146255,-179.14419555664062,1174,0,-1,3.5,18.0,True
ROUTE_0034,mission_route_waypoint,34,76.357,STRAIGHT,144.50640869140625,-2.8219985961914062,0.0314052514731884,-179.14419555664062,1174,0,-1,3.5,19.999999999999996,True
ROUTE_0035,mission_route_waypoint,35,78.357,STRAIGHT,142.5066375732422,-2.851870536804199,0.03652321919798851,-179.14419555664062,1174,0,-1,3.5,21.999999999999993,True
ROUTE_0036,mission_route_waypoint,36,80.357,STRAIGHT,140.50686645507812,-2.881742477416992,0.041931021958589554,-179.14419555664062,1174,0,-1,3.5,23.99999999999999,True
ROUTE_0037,mission_route_waypoint,37,82.357,STRAIGHT,138.507080078125,-2.911614418029785,0.047355473041534424,-179.14419555664062,1174,0,-1,3.5,25.999999999999986,True
ROUTE_0038,mission_route_waypoint,38,85.357,STRAIGHT,135.50741577148438,-2.9564218521118164,0.05549215152859688,-179.14419555664062,7,0,-1,3.5,2.220446049250313e-14,False
ROUTE_0039,mission_route_waypoint,39,85.357,CHANGELANERIGHT,135.50741577148438,-2.9564218521118164,0.05549215152859688,-179.14419555664062,7,0,-1,3.5,2.220446049250313e-14,False
ROUTE_0040,mission_route_waypoint,40,97.857,CHANGELANERIGHT,123.56104278564453,-6.635262489318848,0.088038869202137,-179.14419555664062,7,0,-2,3.5,12.00000000000001,False
ROUTE_0041,mission_route_waypoint,41,97.857,LANEFOLLOW,123.56104278564453,-6.635262489318848,0.088038869202137,-179.14419555664062,7,0,-2,3.5,12.00000000000001,False
ROUTE_0042,mission_route_waypoint,42,99.857,LANEFOLLOW,121.56126403808594,-6.665134429931641,0.09346332401037216,-179.14419555664062,7,0,-2,3.5,14.000000000000009,False
ROUTE_0043,mission_route_waypoint,43,101.857,LANEFOLLOW,119.56148529052734,-6.695006370544434,0.09888777136802673,-179.14419555664062,7,0,-2,3.5,16.000000000000004,False
ROUTE_0044,mission_route_waypoint,44,103.857,LANEFOLLOW,117.56170654296875,-6.724878311157227,0.1043122261762619,-179.14419555664062,7,0,-2,3.5,18.0,False
ROUTE_0045,mission_route_waypoint,45,105.857,LANEFOLLOW,115.56192779541016,-6.7547502517700195,0.10973668098449707,-179.14419555664062,7,0,-2,3.5,19.999999999999996,False
ROUTE_0046,mission_route_waypoint,46,107.857,LANEFOLLOW,113.5621566772461,-6.7846221923828125,0.11515141278505325,-179.14419555664062,7,0,-2,3.5,21.999999999999993,False
ROUTE_0047,mission_route_waypoint,47,109.857,LANEFOLLOW,111.5623779296875,-6.814493656158447,0.12006716430187225,-179.14419555664062,7,0,-2,3.5,23.99999999999999,False
ROUTE_0048,mission_route_waypoint,48,111.857,LANEFOLLOW,109.5625991821289,-6.84436559677124,0.12421061843633652,-179.14419555664062,7,0,-2,3.5,25.999999999999986,False
ROUTE_0049,mission_route_waypoint,49,113.857,LANEFOLLOW,107.56282806396484,-6.874237060546875,0.12758177518844604,-179.14419555664062,7,0,-2,3.5,27.999999999999982,False
ROUTE_0050,mission_route_waypoint,50,115.857,LANEFOLLOW,105.56304168701172,-6.904109001159668,0.13018064200878143,-179.14419555664062,7,0,-2,3.5,29.99999999999998,False
ROUTE_0051,mission_route_waypoint,51,117.857,LANEFOLLOW,103.56327056884766,-6.933980941772461,0.13200721144676208,-179.14419555664062,7,0,-2,3.5,31.999999999999975,False
ROUTE_0052,mission_route_waypoint,52,119.857,LANEFOLLOW,101.56349182128906,-6.963852882385254,0.133061483502388,-179.14419555664062,7,0,-2,3.5,33.99999999999997,False
ROUTE_0053,mission_route_waypoint,53,121.857,LANEFOLLOW,99.56371307373047,-6.993724822998047,0.13334345817565918,-179.14419555664062,7,0,-2,3.5,35.99999999999997,False
ROUTE_0054,mission_route_waypoint,54,123.857,LANEFOLLOW,97.5639419555664,-7.02359676361084,0.13285313546657562,-179.14419555664062,7,0,-2,3.5,37.99999999999997,False
ROUTE_0055,mission_route_waypoint,55,127.737,LANEFOLLOW,93.68437194824219,-7.081547737121582,0.1296994686126709,-179.14419555664062,494,0,-1,3.5,2.220446049250313e-14,True
ROUTE_0056,mission_route_waypoint,56,127.737,RIGHT,93.68437194824219,-7.081547737121582,0.1296994686126709,-179.14419555664062,494,0,-1,3.5,2.220446049250313e-14,True
ROUTE_0057,mission_route_waypoint,57,129.737,RIGHT,91.6845932006836,-7.111419677734375,0.12732474505901337,-179.14419555664062,494,0,-1,3.5,2.00000000000002,True
ROUTE_0058,mission_route_waypoint,58,131.71,RIGHT,89.7119369506836,-7.142204284667969,0.12495002895593643,181.74269104003906,494,0,-1,3.5,4.000000000000018,True
ROUTE_0059,mission_route_waypoint,59,133.434,RIGHT,87.9983139038086,-7.329423904418945,0.1225753054022789,190.7274169921875,494,0,-1,3.5,6.000000000000016,True
ROUTE_0060,mission_route_waypoint,60,135.158,RIGHT,86.33496856689453,-7.781962871551514,0.11531137675046921,199.712158203125,494,0,-1,3.5,8.000000000000014,True
ROUTE_0061,mission_route_waypoint,61,136.882,RIGHT,84.76270294189453,-8.488717079162598,0.07146083563566208,208.69688415527344,494,0,-1,3.5,10.000000000000012,True
ROUTE_0062,mission_route_waypoint,62,138.59,RIGHT,83.33287048339844,-9.423440933227539,0.0222527626901865,218.1905059814453,494,0,-1,3.5,12.00000000000001,True
ROUTE_0063,mission_route_waypoint,63,140.144,RIGHT,82.24178314208984,-10.530547142028809,-0.01970740593969822,232.6444549560547,494,0,-1,3.5,14.000000000000009,True
ROUTE_0064,mission_route_waypoint,64,141.699,RIGHT,81.46156311035156,-11.87494945526123,0.0710708498954773,247.09841918945312,494,0,-1,3.5,16.000000000000004,True
ROUTE_0065,mission_route_waypoint,65,143.253,RIGHT,81.0416030883789,-13.371543884277344,0.19925342500209808,261.5523681640625,494,0,-1,3.5,18.0,True
ROUTE_0066,mission_route_waypoint,66,144.93,RIGHT,80.99789428710938,-15.048016548156738,0.32743600010871887,-87.97586822509766,494,0,-1,3.5,19.999999999999996,True
ROUTE_0067,mission_route_waypoint,67,147.624,RIGHT,81.09306335449219,-17.74062156677246,0.5119101405143738,272.02410888671875,43,0,1,3.5,46.85,False
ROUTE_0068,mission_route_waypoint,68,147.624,LANEFOLLOW,81.09306335449219,-17.74062156677246,0.5119101405143738,272.02410888671875,43,0,1,3.5,46.85,False
ROUTE_0069,mission_route_waypoint,69,149.624,LANEFOLLOW,81.16370391845703,-19.7393741607666,0.6742451786994934,272.02410888671875,43,0,1,3.5,44.85,False
ROUTE_0070,mission_route_waypoint,70,151.624,LANEFOLLOW,81.23434448242188,-21.738122940063477,0.8589022159576416,272.02410888671875,43,0,1,3.5,42.85,False
ROUTE_0071,mission_route_waypoint,71,153.624,LANEFOLLOW,81.30498504638672,-23.736875534057617,1.0658811330795288,272.02410888671875,43,0,1,3.5,40.85,False
ROUTE_0072,mission_route_waypoint,72,155.624,LANEFOLLOW,81.37562561035156,-25.735628128051758,1.2951818704605103,272.02410888671875,43,0,1,3.5,38.85,False
ROUTE_0073,mission_route_waypoint,73,157.624,LANEFOLLOW,81.4462661743164,-27.7343807220459,1.5468045473098755,272.02410888671875,43,0,1,3.5,36.85,False
ROUTE_0074,mission_route_waypoint,74,159.624,LANEFOLLOW,81.51690673828125,-29.73313331604004,1.8207491636276245,272.02410888671875,43,0,1,3.5,34.85,False
ROUTE_0075,mission_route_waypoint,75,161.624,LANEFOLLOW,81.5875473022461,-31.73188591003418,2.1170156002044678,272.02410888671875,43,0,1,3.5,32.85,False
ROUTE_0076,mission_route_waypoint,76,163.624,LANEFOLLOW,81.65818786621094,-33.73064041137695,2.4356040954589844,272.02410888671875,43,0,1,3.5,30.850000000000005,False
ROUTE_0077,mission_route_waypoint,77,165.624,LANEFOLLOW,81.72882843017578,-35.72938919067383,2.7699391841888428,272.02410888671875,43,0,1,3.5,28.85000000000001,False
ROUTE_0078,mission_route_waypoint,78,167.624,LANEFOLLOW,81.79946899414062,-37.728145599365234,3.104877471923828,272.02410888671875,43,0,1,3.5,26.850000000000012,False
ROUTE_0079,mission_route_waypoint,79,169.624,LANEFOLLOW,81.87010955810547,-39.72689437866211,3.4398157596588135,272.02410888671875,43,0,1,3.5,24.850000000000016,False
ROUTE_0080,mission_route_waypoint,80,171.624,LANEFOLLOW,81.94075012207031,-41.72564697265625,3.774754047393799,272.02410888671875,43,0,1,3.5,22.85000000000002,False
ROUTE_0081,mission_route_waypoint,81,173.624,LANEFOLLOW,82.01139068603516,-43.72439956665039,4.109692096710205,272.02410888671875,43,0,1,3.5,20.850000000000023,False
ROUTE_0082,mission_route_waypoint,82,175.624,LANEFOLLOW,82.08203125,-45.72315216064453,4.4446306228637695,272.02410888671875,43,0,1,3.5,18.850000000000026,False
ROUTE_0083,mission_route_waypoint,83,177.624,LANEFOLLOW,82.15267181396484,-47.72190475463867,4.779568672180176,272.02410888671875,43,0,1,3.5,16.85000000000003,False
ROUTE_0084,mission_route_waypoint,84,179.624,LANEFOLLOW,82.22331237792969,-49.72065353393555,5.11450719833374,272.02410888671875,43,0,1,3.5,14.850000000000032,False
ROUTE_0085,mission_route_waypoint,85,181.624,LANEFOLLOW,82.29395294189453,-51.71940994262695,5.4494452476501465,272.02410888671875,43,0,1,3.5,12.850000000000033,False
ROUTE_0086,mission_route_waypoint,86,183.624,LANEFOLLOW,82.36459350585938,-53.71815872192383,5.784383296966553,272.02410888671875,43,0,1,3.5,10.850000000000035,False
ROUTE_0087,mission_route_waypoint,87,185.624,LANEFOLLOW,82.43523406982422,-55.71691131591797,6.119321823120117,272.02410888671875,43,0,1,3.5,8.850000000000037,False
ROUTE_0088,mission_route_waypoint,88,187.624,LANEFOLLOW,82.50587463378906,-57.71566390991211,6.454259872436523,272.02410888671875,43,0,1,3.5,6.850000000000039,False
ROUTE_0089,mission_route_waypoint,89,191.624,LANEFOLLOW,82.64715576171875,-61.71316909790039,7.124136447906494,272.02410888671875,43,0,1,3.5,2.8500000000000427,False
ROUTE_0090,mission_route_waypoint,90,194.474,LANEFOLLOW,82.74781799316406,-64.56138610839844,7.5522284507751465,272.02410888671875,1805,0,1,3.5,19.999999999999922,True
ROUTE_0091,mission_route_waypoint,91,194.474,STRAIGHT,82.74781799316406,-64.56138610839844,7.5522284507751465,272.02410888671875,1805,0,1,3.5,19.999999999999922,True
ROUTE_0092,mission_route_waypoint,92,196.474,STRAIGHT,82.8184585571289,-66.56013488769531,7.768454551696777,272.02410888671875,1805,0,1,3.5,17.999999999999925,True
ROUTE_0093,mission_route_waypoint,93,198.474,STRAIGHT,82.88909912109375,-68.55888366699219,7.914018154144287,272.02410888671875,1805,0,1,3.5,15.999999999999927,True
ROUTE_0094,mission_route_waypoint,94,200.474,STRAIGHT,82.9597396850586,-70.5576400756836,7.988920211791992,272.02410888671875,1805,0,1,3.5,13.999999999999929,True
ROUTE_0095,mission_route_waypoint,95,202.474,STRAIGHT,83.03038024902344,-72.55638885498047,8.0,272.02410888671875,1805,0,1,3.5,11.99999999999993,True
ROUTE_0096,mission_route_waypoint,96,204.474,STRAIGHT,83.10102081298828,-74.55514526367188,8.0,272.02410888671875,1805,0,1,3.5,9.999999999999932,True
ROUTE_0097,mission_route_waypoint,97,206.474,STRAIGHT,83.17166137695312,-76.55389404296875,8.0,272.02410888671875,1805,0,1,3.5,7.999999999999934,True
ROUTE_0098,mission_route_waypoint,98,208.474,STRAIGHT,83.24230194091797,-78.55265045166016,8.0,272.02410888671875,1805,0,1,3.5,5.999999999999936,True
ROUTE_0099,mission_route_waypoint,99,210.474,STRAIGHT,83.31294250488281,-80.55139923095703,8.0,272.02410888671875,1805,0,1,3.5,3.9999999999999383,True
ROUTE_0100,mission_route_waypoint,100,214.474,STRAIGHT,83.4542236328125,-84.54890441894531,8.0,272.02410888671875,42,0,1,3.5,37.48,False
ROUTE_0101,mission_route_waypoint,101,214.474,LANEFOLLOW,83.4542236328125,-84.54890441894531,8.0,272.02410888671875,42,0,1,3.5,37.48,False
ROUTE_0102,mission_route_waypoint,102,216.474,LANEFOLLOW,83.52486419677734,-86.54765319824219,8.0,272.02410888671875,42,0,1,3.5,35.48,False
ROUTE_0103,mission_route_waypoint,103,218.474,LANEFOLLOW,83.59550476074219,-88.54640197753906,8.0,272.02410888671875,42,0,1,3.5,33.48,False
ROUTE_0104,mission_route_waypoint,104,220.474,LANEFOLLOW,83.66614532470703,-90.54515838623047,8.0,272.02410888671875,42,0,1,3.5,31.48,False
ROUTE_0105,mission_route_waypoint,105,222.474,LANEFOLLOW,83.73678588867188,-92.54391479492188,8.0,272.02410888671875,42,0,1,3.5,29.480000000000004,False
ROUTE_0106,mission_route_waypoint,106,224.474,LANEFOLLOW,83.80742645263672,-94.54266357421875,8.0,272.02410888671875,42,0,1,3.5,27.480000000000008,False
ROUTE_0107,mission_route_waypoint,107,226.474,LANEFOLLOW,83.87806701660156,-96.54141235351562,8.0,272.02410888671875,42,0,1,3.5,25.48000000000001,False
ROUTE_0108,mission_route_waypoint,108,228.474,LANEFOLLOW,83.9487075805664,-98.54016876220703,8.0,272.02410888671875,42,0,1,3.5,23.480000000000015,False
ROUTE_0109,mission_route_waypoint,109,230.474,LANEFOLLOW,84.01934814453125,-100.5389175415039,8.0,272.02410888671875,42,0,1,3.5,21.480000000000018,False
ROUTE_0110,mission_route_waypoint,110,232.474,LANEFOLLOW,84.0899887084961,-102.53767395019531,8.0,272.02410888671875,42,0,1,3.5,19.48000000000002,False
ROUTE_0111,mission_route_waypoint,111,234.474,LANEFOLLOW,84.16062927246094,-104.53642272949219,8.0,272.02410888671875,42,0,1,3.5,17.480000000000025,False
ROUTE_0112,mission_route_waypoint,112,236.474,LANEFOLLOW,84.23126983642578,-106.53517150878906,8.0,272.02410888671875,42,0,1,3.5,15.480000000000027,False
ROUTE_0113,mission_route_waypoint,113,238.474,LANEFOLLOW,84.30191040039062,-108.53392791748047,8.0,272.02410888671875,42,0,1,3.5,13.480000000000029,False
ROUTE_0114,mission_route_waypoint,114,240.474,LANEFOLLOW,84.37255096435547,-110.53267669677734,8.0,272.02410888671875,42,0,1,3.5,11.48000000000003,False
ROUTE_0115,mission_route_waypoint,115,242.474,LANEFOLLOW,84.44319152832031,-112.53143310546875,8.0,272.02410888671875,42,0,1,3.5,9.480000000000032,False
ROUTE_0116,mission_route_waypoint,116,244.474,LANEFOLLOW,84.51383209228516,-114.53018188476562,8.0,272.02410888671875,42,0,1,3.5,7.480000000000034,False
ROUTE_0117,mission_route_waypoint,117,246.474,LANEFOLLOW,84.58447265625,-116.52893829345703,8.0,272.02410888671875,42,0,1,3.5,5.480000000000036,False
ROUTE_0118,mission_route_waypoint,118,248.474,LANEFOLLOW,84.65511322021484,-118.5276870727539,8.0,272.02410888671875,42,0,1,3.5,3.480000000000038,False
ROUTE_0119,mission_route_waypoint,119,251.954,LANEFOLLOW,84.77802276611328,-122.00552368164062,8.0,272.02410888671875,434,0,1,3.5,25.35,True
ROUTE_0120,mission_route_waypoint,120,251.954,STRAIGHT,84.77802276611328,-122.00552368164062,8.0,272.02410888671875,434,0,1,3.5,25.35,True
ROUTE_0121,mission_route_waypoint,121,253.954,STRAIGHT,84.84866333007812,-124.0042724609375,8.0,272.02410888671875,434,0,1,3.5,23.350000000000005,True
ROUTE_0122,mission_route_waypoint,122,255.954,STRAIGHT,84.91930389404297,-126.0030288696289,8.0,272.02410888671875,434,0,1,3.5,21.35000000000001,True
ROUTE_0123,mission_route_waypoint,123,257.954,STRAIGHT,84.98994445800781,-128.0017852783203,8.0,272.02410888671875,434,0,1,3.5,19.350000000000012,True
ROUTE_0124,mission_route_waypoint,124,259.954,STRAIGHT,85.06058502197266,-130.0005340576172,8.0,272.02410888671875,434,0,1,3.5,17.350000000000016,True
ROUTE_0125,mission_route_waypoint,125,261.954,STRAIGHT,85.1312255859375,-131.99928283691406,8.0,272.02410888671875,434,0,1,3.5,15.350000000000017,True
ROUTE_0126,mission_route_waypoint,126,263.954,STRAIGHT,85.20186614990234,-133.99803161621094,8.0,272.02410888671875,434,0,1,3.5,13.35000000000002,True
ROUTE_0127,mission_route_waypoint,127,265.954,STRAIGHT,85.27250671386719,-135.9967803955078,8.0,272.02410888671875,434,0,1,3.5,11.350000000000021,True
ROUTE_0128,mission_route_waypoint,128,267.954,STRAIGHT,85.34314727783203,-137.99554443359375,8.0,272.02410888671875,434,0,1,3.5,9.350000000000023,True
ROUTE_0129,mission_route_waypoint,129,269.954,STRAIGHT,85.41378784179688,-139.99429321289062,8.0,272.02410888671875,434,0,1,3.5,7.3500000000000245,True
ROUTE_0130,mission_route_waypoint,130,271.954,STRAIGHT,85.48442840576172,-141.9930419921875,7.999885082244873,272.02410888671875,434,0,1,3.5,5.350000000000026,True
ROUTE_0131,mission_route_waypoint,131,273.954,STRAIGHT,85.55506896972656,-143.99179077148438,7.94899320602417,272.02410888671875,434,0,1,3.5,3.3500000000000285,True
ROUTE_0132,mission_route_waypoint,132,277.304,STRAIGHT,85.67339324951172,-147.33970642089844,7.656403064727783,272.02410888671875,41,0,1,3.5,34.949999999999996,False
ROUTE_0133,mission_route_waypoint,133,277.304,LANEFOLLOW,85.67339324951172,-147.33970642089844,7.656403064727783,272.02410888671875,41,0,1,3.5,34.949999999999996,False
ROUTE_0134,mission_route_waypoint,134,279.304,LANEFOLLOW,85.74403381347656,-149.3384552001953,7.374879837036133,272.02410888671875,41,0,1,3.5,32.949999999999996,False
ROUTE_0135,mission_route_waypoint,135,281.304,LANEFOLLOW,85.8146743774414,-151.33721923828125,7.0861406326293945,272.02410888671875,41,0,1,3.5,30.95,False
ROUTE_0136,mission_route_waypoint,136,283.309,LANEFOLLOW,85.8838882446289,-153.34042358398438,6.797401428222656,271.8790283203125,41,0,1,3.5,28.950000000000003,False
ROUTE_0137,mission_route_waypoint,137,285.316,LANEFOLLOW,85.94568634033203,-155.3464813232422,6.508662223815918,271.64984130859375,41,0,1,3.5,26.950000000000006,False
ROUTE_0138,mission_route_waypoint,138,287.323,LANEFOLLOW,85.99946594238281,-157.35276794433594,6.219653606414795,271.4206848144531,41,0,1,3.5,24.95000000000001,False
ROUTE_0139,mission_route_waypoint,139,289.33,LANEFOLLOW,86.04518127441406,-159.35923767089844,5.894729137420654,271.1914978027344,41,0,1,3.5,22.950000000000014,False
ROUTE_0140,mission_route_waypoint,140,291.337,LANEFOLLOW,86.08291625976562,-161.36587524414062,5.5088958740234375,270.9623107910156,41,0,1,3.5,20.950000000000017,False
ROUTE_0141,mission_route_waypoint,141,293.344,LANEFOLLOW,86.11261749267578,-163.37266540527344,5.0621538162231445,270.7331237792969,41,0,1,3.5,18.95000000000002,False
ROUTE_0142,mission_route_waypoint,142,295.351,LANEFOLLOW,86.13426971435547,-165.37953186035156,4.554503440856934,270.5039367675781,41,0,1,3.5,16.950000000000024,False
ROUTE_0143,mission_route_waypoint,143,297.358,LANEFOLLOW,86.1479263305664,-167.38648986816406,3.9859445095062256,270.2747802734375,41,0,1,3.5,14.950000000000026,False
ROUTE_0144,mission_route_waypoint,144,299.362,LANEFOLLOW,86.1543960571289,-169.39019775390625,3.3564767837524414,270.153564453125,41,0,1,3.5,12.950000000000028,False
ROUTE_0145,mission_route_waypoint,145,301.362,LANEFOLLOW,86.15975189208984,-171.3901824951172,2.666100263595581,270.153564453125,41,0,1,3.5,10.95000000000003,False
ROUTE_0146,mission_route_waypoint,146,303.362,LANEFOLLOW,86.16511535644531,-173.3901824951172,1.9148151874542236,270.153564453125,41,0,1,3.5,8.950000000000031,False
ROUTE_0147,mission_route_waypoint,147,305.362,LANEFOLLOW,86.17047119140625,-175.39016723632812,1.130366325378418,270.153564453125,41,0,1,3.5,6.950000000000033,False
ROUTE_0148,mission_route_waypoint,148,307.362,LANEFOLLOW,86.17583465576172,-177.39016723632812,0.5124590396881104,270.153564453125,41,0,1,3.5,4.950000000000035,False
ROUTE_0149,mission_route_waypoint,149,309.362,LANEFOLLOW,86.18119812011719,-179.39015197753906,0.10060904175043106,270.153564453125,41,0,1,3.5,2.950000000000037,False
ROUTE_0150,mission_route_waypoint,150,312.312,LANEFOLLOW,86.18910217285156,-182.3401641845703,-0.13075079023838043,270.153564453125,622,0,1,3.5,19.906962442225574,True
ROUTE_0151,mission_route_waypoint,151,312.312,RIGHT,86.18910217285156,-182.3401641845703,-0.13075079023838043,270.153564453125,622,0,1,3.5,19.906962442225574,True
ROUTE_0152,mission_route_waypoint,152,314.312,RIGHT,86.1944580078125,-184.34014892578125,-0.117756687104702,270.153564453125,622,0,1,3.5,17.906962442225577,True
ROUTE_0153,mission_route_waypoint,153,315.988,RIGHT,86.29884338378906,-186.0137481689453,-0.10391110926866531,-79.37850952148438,622,0,1,3.5,15.906962442225579,True
ROUTE_0154,mission_route_waypoint,154,317.533,RIGHT,86.77635192871094,-187.4822998046875,-0.09004514664411545,-64.59684753417969,622,0,1,3.5,13.90696244222558,True
ROUTE_0155,mission_route_waypoint,155,319.077,RIGHT,87.61273956298828,-188.78041076660156,-0.0680176243185997,-49.81520080566406,622,0,1,3.5,11.906962442225582,True
ROUTE_0156,mission_route_waypoint,156,320.633,RIGHT,88.76232147216797,-189.8297119140625,-0.03469514101743698,-35.4351806640625,622,0,1,3.5,9.906962442225584,True
ROUTE_0157,mission_route_waypoint,157,322.326,RIGHT,90.22151184082031,-190.68701171875,-0.006134215742349625,-25.434326171875,622,0,1,3.5,7.906962442225586,True
ROUTE_0158,mission_route_waypoint,158,324.018,RIGHT,91.80740356445312,-191.27786254882812,0.0,-15.433456420898438,622,0,1,3.5,5.906962442225588,True
ROUTE_0159,mission_route_waypoint,159,325.711,RIGHT,93.47181701660156,-191.58433532714844,0.0,-5.4326019287109375,622,0,1,3.5,3.90696244222559,True
ROUTE_0160,mission_route_waypoint,160,329.406,RIGHT,97.16707611083984,-191.56126403808594,0.0,1.4395599365234375,0,0,3,3.5,43.40999999999998,False
ROUTE_0161,mission_route_waypoint,161,329.406,LANEFOLLOW,97.16707611083984,-191.56126403808594,0.0,1.4395599365234375,0,0,3,3.5,43.40999999999998,False
ROUTE_0162,mission_route_waypoint,162,333.406,LANEFOLLOW,101.16581726074219,-191.4607696533203,0.0,1.4395599365234375,0,0,3,3.5,39.40999999999998,False
ROUTE_0163,mission_route_waypoint,163,335.406,LANEFOLLOW,103.1651840209961,-191.4105224609375,0.0,1.4395599365234375,0,0,3,3.5,37.40999999999998,False
ROUTE_0164,mission_route_waypoint,164,337.406,LANEFOLLOW,105.16455841064453,-191.3602752685547,0.0,1.4395599365234375,0,0,3,3.5,35.40999999999998,False
ROUTE_0165,mission_route_waypoint,165,339.406,LANEFOLLOW,107.1639175415039,-191.31004333496094,0.0,1.4395599365234375,0,0,3,3.5,33.40999999999998,False
ROUTE_0166,mission_route_waypoint,166,341.406,LANEFOLLOW,109.16329193115234,-191.25979614257812,0.0,1.4395599365234375,0,0,3,3.5,31.409999999999986,False
ROUTE_0167,mission_route_waypoint,167,343.406,LANEFOLLOW,111.16265869140625,-191.2095489501953,0.0,1.4395599365234375,0,0,3,3.5,29.40999999999999,False
ROUTE_0168,mission_route_waypoint,168,345.406,LANEFOLLOW,113.16202545166016,-191.1593017578125,0.0,1.4395599365234375,0,0,3,3.5,27.409999999999993,False
ROUTE_0169,mission_route_waypoint,169,347.406,LANEFOLLOW,115.1613998413086,-191.1090545654297,0.0,1.4395599365234375,0,0,3,3.5,25.409999999999997,False
ROUTE_0170,mission_route_waypoint,170,349.406,LANEFOLLOW,117.1607666015625,-191.05880737304688,0.0,1.4395599365234375,0,0,3,3.5,23.41,False
ROUTE_0171,mission_route_waypoint,171,351.406,LANEFOLLOW,119.1601333618164,-191.00857543945312,0.0,1.4395599365234375,0,0,3,3.5,21.410000000000004,False
ROUTE_0172,mission_route_waypoint,172,353.406,LANEFOLLOW,121.15950775146484,-190.9583282470703,0.0,1.4395599365234375,0,0,3,3.5,19.410000000000007,False
ROUTE_0173,mission_route_waypoint,173,355.406,LANEFOLLOW,123.15887451171875,-190.9080810546875,0.0,1.4395599365234375,0,0,3,3.5,17.41000000000001,False
ROUTE_0174,mission_route_waypoint,174,357.406,LANEFOLLOW,125.15824127197266,-190.8578338623047,0.0,1.4395599365234375,0,0,3,3.5,15.410000000000013,False
ROUTE_0175,mission_route_waypoint,175,359.406,LANEFOLLOW,127.15760803222656,-190.80758666992188,0.0,1.4395599365234375,0,0,3,3.5,13.410000000000014,False
ROUTE_0176,mission_route_waypoint,176,361.406,LANEFOLLOW,129.15696716308594,-190.75735473632812,0.0,1.4395599365234375,0,0,3,3.5,11.410000000000016,False
ROUTE_0177,mission_route_waypoint,177,363.406,LANEFOLLOW,131.15634155273438,-190.7071075439453,0.0,1.4395599365234375,0,0,3,3.5,9.410000000000018,False
ROUTE_0178,mission_route_waypoint,178,365.406,LANEFOLLOW,133.15570068359375,-190.6568603515625,0.0,1.4395599365234375,0,0,3,3.5,7.41000000000002,False
ROUTE_0179,mission_route_waypoint,179,367.406,LANEFOLLOW,135.1550750732422,-190.6066131591797,0.0,1.4395599365234375,0,0,3,3.5,5.4100000000000215,False
ROUTE_0180,mission_route_waypoint,180,369.406,LANEFOLLOW,137.15444946289062,-190.55636596679688,0.0,1.4395599365234375,0,0,3,3.5,3.4100000000000237,False
ROUTE_0181,mission_route_waypoint,181,372.816,LANEFOLLOW,140.56336975097656,-190.470703125,0.0,-358.5604248046875,499,0,1,3.5,26.110312057815694,True
ROUTE_0182,mission_route_waypoint,182,372.816,STRAIGHT,140.56336975097656,-190.470703125,0.0,-358.5604248046875,499,0,1,3.5,26.110312057815694,True
ROUTE_0183,mission_route_waypoint,183,374.816,STRAIGHT,142.56272888183594,-190.4204559326172,0.0,-358.5604248046875,499,0,1,3.5,24.110312057815698,True
ROUTE_0184,mission_route_waypoint,184,376.816,STRAIGHT,144.56211853027344,-190.37020874023438,0.0,1.4395599365234375,499,0,1,3.5,22.1103120578157,True
ROUTE_0185,mission_route_waypoint,185,378.974,STRAIGHT,146.71994018554688,-190.4024658203125,0.0,-3.765167236328125,499,0,1,3.5,20.110312057815705,True
ROUTE_0186,mission_route_waypoint,186,381.155,STRAIGHT,148.88600158691406,-190.65870666503906,0.0,-9.728622436523438,499,0,1,3.5,18.110312057815708,True
ROUTE_0187,mission_route_waypoint,187,383.336,STRAIGHT,151.01370239257812,-191.13861083984375,0.0,-15.692092895507812,499,0,1,3.5,16.11031205781571,True
ROUTE_0188,mission_route_waypoint,188,385.517,STRAIGHT,153.08004760742188,-191.83697509765625,0.0,-21.655563354492188,499,0,1,3.5,14.110312057815714,True
ROUTE_0189,mission_route_waypoint,189,387.51,STRAIGHT,154.91412353515625,-192.6145782470703,0.0,-21.404403686523438,499,0,1,3.5,12.110312057815715,True
ROUTE_0190,mission_route_waypoint,190,389.337,STRAIGHT,156.64630126953125,-193.19732666015625,0.0,-15.783477783203125,499,0,1,3.5,10.110312057815717,True
ROUTE_0191,mission_route_waypoint,191,391.165,STRAIGHT,158.42724609375,-193.6075897216797,0.0,-10.162567138671875,499,0,1,3.5,8.110312057815719,True
ROUTE_0192,mission_route_waypoint,192,392.992,STRAIGHT,160.23980712890625,-193.84146118164062,0.0,-4.5416412353515625,499,0,1,3.5,6.110312057815721,True
ROUTE_0193,mission_route_waypoint,193,394.853,STRAIGHT,162.09954833984375,-193.89999389648438,0.0,0.0,499,0,1,3.5,4.110312057815722,True
ROUTE_0194,mission_route_waypoint,194,396.853,STRAIGHT,164.0996856689453,-193.89999389648438,0.0,0.0,499,0,1,3.5,2.1103120578157246,True
ROUTE_0195,mission_route_waypoint,195,398.963,STRAIGHT,166.20999145507812,-193.89999389648438,0.0,-0.0,65,0,-2,3.5,2.220446049250313e-14,False
ROUTE_0196,mission_route_waypoint,196,398.963,LANEFOLLOW,166.20999145507812,-193.89999389648438,0.0,-0.0,65,0,-2,3.5,2.220446049250313e-14,False
ROUTE_0197,mission_route_waypoint,197,400.963,LANEFOLLOW,168.20999145507812,-193.89999389648438,0.0,-0.0,65,0,-2,3.5,2.00000000000002,False
ROUTE_0198,mission_route_waypoint,198,402.963,LANEFOLLOW,170.20999145507812,-193.89999389648438,0.0,-0.0,65,0,-2,3.5,4.000000000000018,False
ROUTE_0199,mission_route_waypoint,199,404.963,LANEFOLLOW,172.20999145507812,-193.89999389648438,0.0,-0.0,65,0,-2,3.5,6.000000000000016,False
ROUTE_0200,mission_route_waypoint,200,406.963,LANEFOLLOW,174.20999145507812,-193.89999389648438,0.0,-0.0,65,0,-2,3.5,8.000000000000014,False
ROUTE_0201,mission_route_waypoint,201,408.963,LANEFOLLOW,176.20999145507812,-193.89999389648438,0.0,-0.0,65,0,-2,3.5,10.000000000000012,False
ROUTE_0202,mission_route_waypoint,202,410.963,LANEFOLLOW,178.20999145507812,-193.89999389648438,0.0,-0.0,65,0,-2,3.5,12.00000000000001,False
ROUTE_0203,mission_route_waypoint,203,412.963,LANEFOLLOW,180.20999145507812,-193.89999389648438,0.0,-0.0,65,0,-2,3.5,14.000000000000009,False
ROUTE_0204,mission_route_waypoint,204,414.963,LANEFOLLOW,182.20999145507812,-193.89999389648438,0.0,-0.0,65,0,-2,3.5,16.000000000000004,False
ROUTE_0205,mission_route_waypoint,205,416.963,LANEFOLLOW,184.20999145507812,-193.89999389648438,0.0,-0.0,65,0,-2,3.5,18.0,False
ROUTE_0206,mission_route_waypoint,206,418.963,LANEFOLLOW,186.20999145507812,-193.89999389648438,0.0,-0.0,65,0,-2,3.5,19.999999999999996,False
ROUTE_0207,mission_route_waypoint,207,420.963,LANEFOLLOW,188.20999145507812,-193.89999389648438,0.0,-0.0,65,0,-2,3.5,21.999999999999993,False
ROUTE_0208,mission_route_waypoint,208,422.963,LANEFOLLOW,190.20999145507812,-193.89999389648438,0.0,-0.0,65,0,-2,3.5,23.99999999999999,False
ROUTE_0209,mission_route_waypoint,209,424.963,LANEFOLLOW,192.20999145507812,-193.89999389648438,0.0,-0.0,65,0,-2,3.5,25.999999999999986,False
ROUTE_0210,mission_route_waypoint,210,426.963,LANEFOLLOW,194.20999145507812,-193.89999389648438,0.0,-0.0,65,0,-2,3.5,27.999999999999982,False
ROUTE_0211,mission_route_waypoint,211,428.963,LANEFOLLOW,196.20999145507812,-193.89999389648438,0.0,-0.0,65,0,-2,3.5,29.99999999999998,False
ROUTE_0212,mission_route_waypoint,212,430.963,LANEFOLLOW,198.20999145507812,-193.89999389648438,0.0,-0.0,65,0,-2,3.5,31.999999999999975,False
ROUTE_0213,mission_route_waypoint,213,432.663,LANEFOLLOW,199.90907287597656,-193.88214111328125,0.0,1.9691576957702637,65,0,-2,3.5,33.99999999999997,False
ROUTE_0214,mission_route_waypoint,214,434.213,LANEFOLLOW,201.45701599121094,-193.78912353515625,0.0,4.909854412078857,65,0,-2,3.5,35.99999999999997,False
ROUTE_0215,mission_route_waypoint,215,435.764,LANEFOLLOW,202.99815368652344,-193.61680603027344,0.0,7.850550651550293,65,0,-2,3.5,37.99999999999997,False
ROUTE_0216,mission_route_waypoint,216,437.315,LANEFOLLOW,204.52841186523438,-193.36561584472656,0.0,10.791247367858887,65,0,-2,3.5,39.99999999999997,False
ROUTE_0217,mission_route_waypoint,217,438.866,LANEFOLLOW,206.0437774658203,-193.03628540039062,0.0,13.731943130493164,65,0,-2,3.5,41.99999999999997,False
ROUTE_0218,mission_route_waypoint,218,440.416,LANEFOLLOW,207.54025268554688,-192.629638671875,0.0,16.672639846801758,65,0,-2,3.5,43.99999999999997,False
ROUTE_0219,mission_route_waypoint,219,441.967,LANEFOLLOW,209.01388549804688,-192.1467742919922,0.0,19.61333656311035,65,0,-2,3.5,45.99999999999997,False
ROUTE_0220,mission_route_waypoint,220,443.518,LANEFOLLOW,210.4608154296875,-191.5889129638672,0.0,22.554033279418945,65,0,-2,3.5,47.99999999999997,False
ROUTE_0221,mission_route_waypoint,221,445.068,LANEFOLLOW,211.87721252441406,-190.9575653076172,0.0,25.49472999572754,65,0,-2,3.5,49.99999999999997,False
ROUTE_0222,mission_route_waypoint,222,446.619,LANEFOLLOW,213.2593536376953,-190.25437927246094,0.0,28.435426712036133,65,0,-2,3.5,51.99999999999997,False
ROUTE_0223,mission_route_waypoint,223,448.17,LANEFOLLOW,214.60360717773438,-189.48121643066406,0.0,31.376121520996094,65,0,-2,3.5,53.99999999999997,False
ROUTE_0224,mission_route_waypoint,224,449.721,LANEFOLLOW,215.90643310546875,-188.64012145996094,0.0,34.31681823730469,65,0,-2,3.5,55.99999999999997,False
ROUTE_0225,mission_route_waypoint,225,451.271,LANEFOLLOW,217.16436767578125,-187.73329162597656,0.0,37.25751495361328,65,0,-2,3.5,57.99999999999997,False
ROUTE_0226,mission_route_waypoint,226,452.822,LANEFOLLOW,218.3741455078125,-186.7631072998047,0.0,40.198211669921875,65,0,-2,3.5,59.99999999999997,False
ROUTE_0227,mission_route_waypoint,227,454.373,LANEFOLLOW,219.53256225585938,-185.73214721679688,0.0,43.13890838623047,65,0,-2,3.5,61.99999999999997,False
ROUTE_0228,mission_route_waypoint,228,455.924,LANEFOLLOW,220.63653564453125,-184.6431121826172,0.0,46.07960510253906,65,0,-2,3.5,63.99999999999997,False
ROUTE_0229,mission_route_waypoint,229,457.474,LANEFOLLOW,221.68321228027344,-183.49888610839844,0.0,49.020301818847656,65,0,-2,3.5,65.99999999999997,False
ROUTE_0230,mission_route_waypoint,230,459.025,LANEFOLLOW,222.66978454589844,-182.30245971679688,0.0,51.96099853515625,65,0,-2,3.5,67.99999999999997,False
ROUTE_0231,mission_route_waypoint,231,460.576,LANEFOLLOW,223.59368896484375,-181.05699157714844,0.0,54.901695251464844,65,0,-2,3.5,69.99999999999997,False
ROUTE_0232,mission_route_waypoint,232,462.127,LANEFOLLOW,224.45249938964844,-179.76577758789062,0.0,57.84238815307617,65,0,-2,3.5,71.99999999999997,False
ROUTE_0233,mission_route_waypoint,233,463.677,LANEFOLLOW,225.24392700195312,-178.43218994140625,0.0,60.783084869384766,65,0,-2,3.5,73.99999999999997,False
ROUTE_0234,mission_route_waypoint,234,465.367,LANEFOLLOW,226.0360107421875,-176.9397430419922,0.0,62.81502151489258,65,0,-2,3.5,75.99999999999997,False
ROUTE_0235,mission_route_waypoint,235,467.172,LANEFOLLOW,226.8428192138672,-175.32485961914062,0.0,64.09021759033203,65,0,-2,3.5,77.99999999999997,False
ROUTE_0236,mission_route_waypoint,236,468.977,LANEFOLLOW,227.61351013183594,-173.69241333007812,0.0,65.36540985107422,65,0,-2,3.5,79.99999999999997,False
ROUTE_0237,mission_route_waypoint,237,470.783,LANEFOLLOW,228.34768676757812,-172.04322814941406,0.0,66.64060974121094,65,0,-2,3.5,81.99999999999997,False
ROUTE_0238,mission_route_waypoint,238,472.588,LANEFOLLOW,229.04495239257812,-170.37811279296875,0.0,67.91580200195312,65,0,-2,3.5,83.99999999999997,False
ROUTE_0239,mission_route_waypoint,239,474.393,LANEFOLLOW,229.70498657226562,-168.69789123535156,0.0,69.19100189208984,65,0,-2,3.5,85.99999999999997,False
ROUTE_0240,mission_route_waypoint,240,476.198,LANEFOLLOW,230.32749938964844,-167.00338745117188,0.0,70.46619415283203,65,0,-2,3.5,87.99999999999997,False
ROUTE_0241,mission_route_waypoint,241,478.003,LANEFOLLOW,230.91212463378906,-165.29547119140625,0.0,71.74139404296875,65,0,-2,3.5,89.99999999999997,False
ROUTE_0242,mission_route_waypoint,242,479.809,LANEFOLLOW,231.45858764648438,-163.57493591308594,0.0,73.01658630371094,65,0,-2,3.5,91.99999999999997,False
ROUTE_0243,mission_route_waypoint,243,481.614,LANEFOLLOW,231.96665954589844,-161.8426971435547,0.0,74.29177856445312,65,0,-2,3.5,93.99999999999997,False
ROUTE_0244,mission_route_waypoint,244,483.419,LANEFOLLOW,232.43601989746094,-160.09954833984375,0.0,75.56697845458984,65,0,-2,3.5,95.99999999999997,False
ROUTE_0245,mission_route_waypoint,245,485.224,LANEFOLLOW,232.86648559570312,-158.34640502929688,0.0,76.84217071533203,65,0,-2,3.5,97.99999999999997,False
ROUTE_0246,mission_route_waypoint,246,487.03,LANEFOLLOW,233.25782775878906,-156.58413696289062,0.0,78.11737060546875,65,0,-2,3.5,99.99999999999997,False
ROUTE_0247,mission_route_waypoint,247,488.835,LANEFOLLOW,233.60986328125,-154.81356811523438,0.0,79.39256286621094,65,0,-2,3.5,101.99999999999997,False
ROUTE_0248,mission_route_waypoint,248,490.64,LANEFOLLOW,233.92239379882812,-153.03561401367188,0.0,80.66776275634766,65,0,-2,3.5,103.99999999999997,False
ROUTE_0249,mission_route_waypoint,249,492.445,LANEFOLLOW,234.19528198242188,-151.25111389160156,0.0,81.94295501708984,65,0,-2,3.5,105.99999999999997,False
ROUTE_0250,mission_route_waypoint,250,494.25,LANEFOLLOW,234.4283905029297,-149.46102905273438,0.0,83.21815490722656,65,0,-2,3.5,107.99999999999997,False
ROUTE_0251,mission_route_waypoint,251,496.056,LANEFOLLOW,234.6216278076172,-147.66616821289062,0.0,84.49334716796875,65,0,-2,3.5,109.99999999999997,False
